<?xml version="1.0" encoding="UTF-8"?>
<beans xmlns="http://www.springframework.org/schema/beans"
	xmlns:xsi="http://www.w3.org/2001/XMLSchema-instance"
	xsi:schemaLocation="http://www.springframework.org/schema/beans
        http://www.springframework.org/schema/beans/spring-beans.xsd">

	<bean id="addressObject" class="com.accenture.lkm.Address">
		<property name="addressLine1" value="HSR Layout, Sector1,Global" />
		<property name="addressLine2" value="Bangalore, Karnatka,Global" />
	</bean>

	<bean id="empObject" class="com.accenture.lkm.Employee">
		<property name="employeeId" value="1001"></property>
		<property name="employeeName" value="JAS"></property>
		<property name="salary" value="200000"></property>
		
		<!-- Setting List -->
		<property name="listProperty">
			<list>
				<value>Some value</value> 
				<ref bean="addressObject" /> 
				<bean class="com.accenture.lkm.Address">  <!-- Inner Bean -->
					<property name="addressLine1" value="Waverock, Gachibowli" />
					<property name="addressLine2" value="Hyderabad, Telangana" />
				</bean>
				<ref bean="addressObject" /> <!-- List allows duplicates -->
				<value>1001</value> 
				<null />
			</list>
		</property>

		<property name="setProperty">
			<set>
				<value>Some value</value> 
				<ref bean="addressObject" /> 
				<bean class="com.accenture.lkm.Address">  <!-- Inner Bean -->
					<property name="addressLine1" value="Waverock, Gachibowli" />
					<property name="addressLine2" value="Hyderabad, Telangana" />
				</bean>
				<ref bean="addressObject" /> <!-- Set will not allow duplicates -->
				<value>1001</value> 
				<null />
			</set>

		</property>

		<property name="mapProperty">
			<map>
				<entry>
					<key><value>1001</value></key>
					<value>John</value>
				</entry>

				<entry>
					<key><value>1002</value></key>
					<ref bean="addressObject" />
				</entry>

				<entry key="1003" value="Some value" />
				<entry key="1004" value-ref="addressObject" />
				<entry key="1005">
					<bean class="com.accenture.lkm.Address"> <!-- Inner Bean -->
						<property name="addressLine1" value="Waverock, Gachibowli" />
						<property name="addressLine2" value="Hyderabad, Telangana" />
					</bean>
				</entry>
				<entry key="null" value="null" />
			</map>
		</property>

		<property name="propertiesProperty">
			<props>
				<prop key="1">Value1</prop>
				<prop key="2">Value2</prop>
			</props>
		</property>
	</bean>
</beans>