<?xml version="1.0" encoding="UTF-8"?>
<beans xmlns="http://www.springframework.org/schema/beans"
	xmlns:context="http://www.springframework.org/schema/context"
	xmlns:xsi="http://www.w3.org/2001/XMLSchema-instance"
	xsi:schemaLocation="
        http://www.springframework.org/schema/beans     
        http://www.springframework.org/schema/beans/spring-beans.xsd
        http://www.springframework.org/schema/context 
        http://www.springframework.org/schema/context/spring-context.xsd">

	<context:annotation-config />
	
	<context:property-placeholder 
	    location="properties/employee.properties"/>
 	
 	<bean id="employee" class="com.accenture.lkm.business.bean.Employee" 
 		init-method="myInit" destroy-method="myDestroy">
		<property name="firstName" value="${firstName}" />
	</bean>
	
	<bean class="com.accenture.lkm.business.bean.MyBeanFactoryPostProcessor"/>
	
	<bean class="com.accenture.lkm.business.bean.MyBeanPostProcessor1"/>
	<bean class="com.accenture.lkm.business.bean.MyBeanPostProcessor2"/>
	
</beans>