<?xml version="1.0" encoding="UTF-8"?>
<beans xmlns="http://www.springframework.org/schema/beans"
	xmlns:xsi="http://www.w3.org/2001/XMLSchema-instance"
	xsi:schemaLocation="http://www.springframework.org/schema/beans
        http://www.springframework.org/schema/beans/spring-beans.xsd">
	
	<bean id="address" class="com.accenture.lkm.Address"><!--2 param - Constructor to create an object -->
		<constructor-arg value="Hyderabad"></constructor-arg>
		<constructor-arg value="Telangana"></constructor-arg>
	</bean>
	
	<bean id="contact" class="com.accenture.lkm.Contact"><!--2 param - Constructor to create an object -->
		<constructor-arg value="jas@accenture.com"></constructor-arg>
		<constructor-arg value="9988776644"></constructor-arg>
	</bean>
	
	<bean id="employee" class="com.accenture.lkm.Employee"><!--2 param - Constructor to create an object -->
		<!-- constructor-arg are MANDATORY and IMMUTTABLE-->
		<constructor-arg ref="address"></constructor-arg>
		<constructor-arg ref="contact"></constructor-arg>
		<constructor-arg value="1001"></constructor-arg>
		
		<!-- Setters are OPTIONAL observe there is no setter of salary -->
		<property name="employeeName" value="jas"></property>
		
	</bean>
	
</beans>


