<?xml version="1.0" encoding="UTF-8"?>
<beans xmlns="http://www.springframework.org/schema/beans"
	xmlns:xsi="http://www.w3.org/2001/XMLSchema-instance"
	xsi:schemaLocation="http://www.springframework.org/schema/beans
        http://www.springframework.org/schema/beans/spring-beans.xsd">
	
	<bean id="localAddress1" class="com.accenture.lkm.Address">
		<property name="addressLine1" value="Hyderabad"></property>
		<property name="addressLine2" value="Telangana"></property>
	</bean>
	
	<bean id="employee" class="com.accenture.lkm.Employee" autowire="byType">
		<property name="employeeId" value="1001"></property>
		<property name="employeeName" value="JAS"></property>
		<property name="salary" value="56000.0"></property>
	</bean>
	
</beans>


