<?xml version="1.0" encoding="UTF-8"?>
<beans xmlns="http://www.springframework.org/schema/beans"
	xmlns:xsi="http://www.w3.org/2001/XMLSchema-instance"
	xsi:schemaLocation="http://www.springframework.org/schema/beans
        http://www.springframework.org/schema/beans/spring-beans.xsd">
	
	<bean id="address" class="com.accenture.lkm.Address"><!--2 param - Constructor to create an object -->
		<constructor-arg value="Hyderabad"></constructor-arg>
		<constructor-arg value="Telangana"></constructor-arg>
	</bean>
	
	<bean id="employee" class="com.accenture.lkm.Employee"><!--4 param - Constructor to create an object -->
		<constructor-arg value="JAS" index="1"></constructor-arg>
		<constructor-arg value="1001" index="0"></constructor-arg>
		<constructor-arg ref="address" index="3"></constructor-arg>
		<constructor-arg value="56000.0" index="2"></constructor-arg>
	</bean>
	
</beans>


