<?xml version="1.0" encoding="UTF-8"?>
<beans xmlns="http://www.springframework.org/schema/beans"
	xmlns:context="http://www.springframework.org/schema/context"
	xmlns:xsi="http://www.w3.org/2001/XMLSchema-instance"
	xsi:schemaLocation="
        http://www.springframework.org/schema/beans     
        http://www.springframework.org/schema/beans/spring-beans.xsd
        http://www.springframework.org/schema/context 
        http://www.springframework.org/schema/context/spring-context.xsd">
	
	<context:property-placeholder 
	    location="properties/employee.properties,
	    properties/address.properties"/>
	    
	    
	<bean id="employee" class="com.accenture.lkm.Employee">
	    <property  name="employeeId" value="${employeeId}" />
	    <property  name="employeeName" value="${employeeName}"/>   
	    <property  name="salary" value="${salary}"/>
	    <property  name="address" ref="address"/>           
	</bean>
	
	<bean id="address" class="com.accenture.lkm.Address">
		<property name="addressLine1" value="${addressLine1}"></property>
		<property name="addressLine2" value="${addressLine2}"></property>
	</bean>
</beans>