<?xml version="1.0" encoding="UTF-8"?>
<beans xmlns="http://www.springframework.org/schema/beans"
	xmlns:context="http://www.springframework.org/schema/context"
	xmlns:xsi="http://www.w3.org/2001/XMLSchema-instance"
	xsi:schemaLocation="
        http://www.springframework.org/schema/beans     
        http://www.springframework.org/schema/beans/spring-beans.xsd
        http://www.springframework.org/schema/context 
        http://www.springframework.org/schema/context/spring-context.xsd">

	
	<context:component-scan base-package="com.accenture.lkm"/>
		
	<bean id="myAddress1" class="com.accenture.lkm.Address">
		<property name="addressLine1" value="HSR Layout, Sector1**" />
		<property name="addressLine2" value="Bangalore, Karnatka**" />
	</bean>

	<bean id="myAddress2" class="com.accenture.lkm.Address">
		<property name="addressLine1" value="Bellandur, Eco Space" />
		<property name="addressLine2" value="Bangalore, Karnatka" />
	</bean> 
	
</beans>