<?xml version="1.0" encoding="UTF-8"?>
<beans xmlns="http://www.springframework.org/schema/beans"
	xmlns:xsi="http://www.w3.org/2001/XMLSchema-instance"
	xsi:schemaLocation="http://www.springframework.org/schema/beans
        http://www.springframework.org/schema/beans/spring-beans.xsd">
	
	<bean id="address" class="com.accenture.lkm.Address"><!--2 param - Constructor to create an object -->
		<!-- When more than one parameter is of same type then use index/name to map -->
		<constructor-arg value="Telangana" type="java.lang.String" index="1"></constructor-arg>
		<constructor-arg value="Hyderabad" type="java.lang.String" index="0"></constructor-arg>
	</bean>
	
	<bean id="employee" class="com.accenture.lkm.Employee"><!--4 param - Constructor to create an object -->
		<constructor-arg value="JAS" type="java.lang.String"></constructor-arg>
		<constructor-arg value="1001" type="java.lang.Integer"></constructor-arg>
		<constructor-arg ref="address" type="com.accenture.lkm.Address"></constructor-arg>
		<constructor-arg value="56000.0" type="java.lang.Double"></constructor-arg>
	</bean>
	
</beans>


